<SOAP-ENV:Envelope xmlns:SOAP-ENV="http://schemas.xmlsoap.org/soap/envelope/">
    <SOAP-ENV:Header/>
    <SOAP-ENV:Body>
        <ns2:runReport xmlns:ns2="http://xmlns.oracle.com/oxp/service/v2">
            <ns2:reportRequest>
                <ns2:XDOPropertyList xmlns:xsi="http://www.w3.org/2001/XMLSchema-instance" xsi:nil="true"/>
                <ns2:attributeCalendar xmlns:xsi="http://www.w3.org/2001/XMLSchema-instance" xsi:nil="true"/>
                <ns2:attributeFormat>csv</ns2:attributeFormat>
                <ns2:attributeLocale xmlns:xsi="http://www.w3.org/2001/XMLSchema-instance" xsi:nil="true"/>
                <ns2:attributeTemplate xmlns:xsi="http://www.w3.org/2001/XMLSchema-instance" xsi:nil="true"/>
                <ns2:attributeTimezone xmlns:xsi="http://www.w3.org/2001/XMLSchema-instance" xsi:nil="true"/>
                <ns2:attributeUILocale xmlns:xsi="http://www.w3.org/2001/XMLSchema-instance" xsi:nil="true"/>
                <ns2:byPassCache>false</ns2:byPassCache>
                <ns2:dynamicDataSource xmlns:xsi="http://www.w3.org/2001/XMLSchema-instance" xsi:nil="true"/>
                <ns2:flattenXML>false</ns2:flattenXML>
                <ns2:parameterNameValues>
                    <ns2:listOfParamNameValues>
                        <ns2:item>
                            <ns2:UIType xmlns:xsi="http://www.w3.org/2001/XMLSchema-instance" xsi:nil="true"/>
                            <ns2:dataType xmlns:xsi="http://www.w3.org/2001/XMLSchema-instance" xsi:nil="true"/>
                            <ns2:dateFormatString xmlns:xsi="http://www.w3.org/2001/XMLSchema-instance" xsi:nil="true"/>
                            <ns2:dateFrom xmlns:xsi="http://www.w3.org/2001/XMLSchema-instance" xsi:nil="true"/>
                            <ns2:dateTo xmlns:xsi="http://www.w3.org/2001/XMLSchema-instance" xsi:nil="true"/>
                            <ns2:defaultValue xmlns:xsi="http://www.w3.org/2001/XMLSchema-instance" xsi:nil="true"/>
                            <ns2:fieldSize xmlns:xsi="http://www.w3.org/2001/XMLSchema-instance" xsi:nil="true"/>
                            <ns2:label xmlns:xsi="http://www.w3.org/2001/XMLSchema-instance" xsi:nil="true"/>
                            <ns2:lovLabels xmlns:xsi="http://www.w3.org/2001/XMLSchema-instance" xsi:nil="true"/>
                            <ns2:multiValuesAllowed>false</ns2:multiValuesAllowed>
                            <ns2:name>TrxId</ns2:name>
                            <ns2:refreshParamOnChange>false</ns2:refreshParamOnChange>
                            <ns2:selectAll>false</ns2:selectAll>
                            <ns2:templateParam>false</ns2:templateParam>
                            <ns2:useNullForAll>false</ns2:useNullForAll>
                            <ns2:values>
                                <ns2:item>300045998623753</ns2:item>
                            </ns2:values>
                        </ns2:item>
                        <ns2:item>
                            <ns2:UIType xmlns:xsi="http://www.w3.org/2001/XMLSchema-instance" xsi:nil="true"/>
                            <ns2:dataType xmlns:xsi="http://www.w3.org/2001/XMLSchema-instance" xsi:nil="true"/>
                            <ns2:dateFormatString xmlns:xsi="http://www.w3.org/2001/XMLSchema-instance" xsi:nil="true"/>
                            <ns2:dateFrom xmlns:xsi="http://www.w3.org/2001/XMLSchema-instance" xsi:nil="true"/>
                            <ns2:dateTo xmlns:xsi="http://www.w3.org/2001/XMLSchema-instance" xsi:nil="true"/>
                            <ns2:defaultValue xmlns:xsi="http://www.w3.org/2001/XMLSchema-instance" xsi:nil="true"/>
                            <ns2:fieldSize xmlns:xsi="http://www.w3.org/2001/XMLSchema-instance" xsi:nil="true"/>
                            <ns2:label xmlns:xsi="http://www.w3.org/2001/XMLSchema-instance" xsi:nil="true"/>
                            <ns2:lovLabels xmlns:xsi="http://www.w3.org/2001/XMLSchema-instance" xsi:nil="true"/>
                            <ns2:multiValuesAllowed>false</ns2:multiValuesAllowed>
                            <ns2:name>ApplicationId</ns2:name>
                            <ns2:refreshParamOnChange>false</ns2:refreshParamOnChange>
                            <ns2:selectAll>false</ns2:selectAll>
                            <ns2:templateParam>false</ns2:templateParam>
                            <ns2:useNullForAll>false</ns2:useNullForAll>
                            <ns2:values>
                                <ns2:item>200</ns2:item>
                            </ns2:values>
                        </ns2:item>
                        <ns2:item>
                            <ns2:UIType xmlns:xsi="http://www.w3.org/2001/XMLSchema-instance" xsi:nil="true"/>
                            <ns2:dataType xmlns:xsi="http://www.w3.org/2001/XMLSchema-instance" xsi:nil="true"/>
                            <ns2:dateFormatString xmlns:xsi="http://www.w3.org/2001/XMLSchema-instance" xsi:nil="true"/>
                            <ns2:dateFrom xmlns:xsi="http://www.w3.org/2001/XMLSchema-instance" xsi:nil="true"/>
                            <ns2:dateTo xmlns:xsi="http://www.w3.org/2001/XMLSchema-instance" xsi:nil="true"/>
                            <ns2:defaultValue xmlns:xsi="http://www.w3.org/2001/XMLSchema-instance" xsi:nil="true"/>
                            <ns2:fieldSize xmlns:xsi="http://www.w3.org/2001/XMLSchema-instance" xsi:nil="true"/>
                            <ns2:label xmlns:xsi="http://www.w3.org/2001/XMLSchema-instance" xsi:nil="true"/>
                            <ns2:lovLabels xmlns:xsi="http://www.w3.org/2001/XMLSchema-instance" xsi:nil="true"/>
                            <ns2:multiValuesAllowed>false</ns2:multiValuesAllowed>
                            <ns2:name>EntityCode</ns2:name>
                            <ns2:refreshParamOnChange>false</ns2:refreshParamOnChange>
                            <ns2:selectAll>false</ns2:selectAll>
                            <ns2:templateParam>false</ns2:templateParam>
                            <ns2:useNullForAll>false</ns2:useNullForAll>
                            <ns2:values>
                                <ns2:item>AP_INVOICES</ns2:item>
                            </ns2:values>
                        </ns2:item>
                        <ns2:item>
                            <ns2:UIType xmlns:xsi="http://www.w3.org/2001/XMLSchema-instance" xsi:nil="true"/>
                            <ns2:dataType xmlns:xsi="http://www.w3.org/2001/XMLSchema-instance" xsi:nil="true"/>
                            <ns2:dateFormatString xmlns:xsi="http://www.w3.org/2001/XMLSchema-instance" xsi:nil="true"/>
                            <ns2:dateFrom xmlns:xsi="http://www.w3.org/2001/XMLSchema-instance" xsi:nil="true"/>
                            <ns2:dateTo xmlns:xsi="http://www.w3.org/2001/XMLSchema-instance" xsi:nil="true"/>
                            <ns2:defaultValue xmlns:xsi="http://www.w3.org/2001/XMLSchema-instance" xsi:nil="true"/>
                            <ns2:fieldSize xmlns:xsi="http://www.w3.org/2001/XMLSchema-instance" xsi:nil="true"/>
                            <ns2:label xmlns:xsi="http://www.w3.org/2001/XMLSchema-instance" xsi:nil="true"/>
                            <ns2:lovLabels xmlns:xsi="http://www.w3.org/2001/XMLSchema-instance" xsi:nil="true"/>
                            <ns2:multiValuesAllowed>false</ns2:multiValuesAllowed>
                            <ns2:name>EventClassCode</ns2:name>
                            <ns2:refreshParamOnChange>false</ns2:refreshParamOnChange>
                            <ns2:selectAll>false</ns2:selectAll>
                            <ns2:templateParam>false</ns2:templateParam>
                            <ns2:useNullForAll>false</ns2:useNullForAll>
                            <ns2:values>
                                <ns2:item>STANDARD INVOICES</ns2:item>
                            </ns2:values>
                        </ns2:item>
                        <ns2:item>
                            <ns2:UIType xmlns:xsi="http://www.w3.org/2001/XMLSchema-instance" xsi:nil="true"/>
                            <ns2:dataType xmlns:xsi="http://www.w3.org/2001/XMLSchema-instance" xsi:nil="true"/>
                            <ns2:dateFormatString xmlns:xsi="http://www.w3.org/2001/XMLSchema-instance" xsi:nil="true"/>
                            <ns2:dateFrom xmlns:xsi="http://www.w3.org/2001/XMLSchema-instance" xsi:nil="true"/>
                            <ns2:dateTo xmlns:xsi="http://www.w3.org/2001/XMLSchema-instance" xsi:nil="true"/>
                            <ns2:defaultValue xmlns:xsi="http://www.w3.org/2001/XMLSchema-instance" xsi:nil="true"/>
                            <ns2:fieldSize xmlns:xsi="http://www.w3.org/2001/XMLSchema-instance" xsi:nil="true"/>
                            <ns2:label xmlns:xsi="http://www.w3.org/2001/XMLSchema-instance" xsi:nil="true"/>
                            <ns2:lovLabels xmlns:xsi="http://www.w3.org/2001/XMLSchema-instance" xsi:nil="true"/>
                            <ns2:multiValuesAllowed>false</ns2:multiValuesAllowed>
                            <ns2:name>TrxDate</ns2:name>
                            <ns2:refreshParamOnChange>false</ns2:refreshParamOnChange>
                            <ns2:selectAll>false</ns2:selectAll>
                            <ns2:templateParam>false</ns2:templateParam>
                            <ns2:useNullForAll>false</ns2:useNullForAll>
                            <ns2:values>
                                <ns2:item>01272026</ns2:item>
                            </ns2:values>
                        </ns2:item>
                    </ns2:listOfParamNameValues>
                </ns2:parameterNameValues>
                <ns2:reportAbsolutePath>/Custom/Interfaces/Tax/ONESOURCE_INTEGRATION_ATTRIBUTES.xdo</ns2:reportAbsolutePath>
                <ns2:reportData xmlns:xsi="http://www.w3.org/2001/XMLSchema-instance" xsi:nil="true"/>
                <ns2:reportOutputPath xmlns:xsi="http://www.w3.org/2001/XMLSchema-instance" xsi:nil="true"/>
                <ns2:reportRawData xmlns:xsi="http://www.w3.org/2001/XMLSchema-instance" xsi:nil="true"/>
                <ns2:sizeOfDataChunkDownload>-1</ns2:sizeOfDataChunkDownload>
            </ns2:reportRequest>
            <ns2:userID>TR_Tax_Partner</ns2:userID>
            <ns2:password>********</ns2:password>
        </ns2:runReport>
    </SOAP-ENV:Body>
</SOAP-ENV:Envelope>
