
<soap:Envelope xmlns:soap="http://schemas.xmlsoap.org/soap/envelope/">
  <soap:Body>
    <taxCalculationResponse xmlns="http://www.sabrix.com/services/taxcalculationservice/2020-03-01">
      <OUTDATA version="G">
        <REQUEST_STATUS>
          <IS_SUCCESS>true</IS_SUCCESS>
          <IS_PARTIAL_SUCCESS>true</IS_PARTIAL_SUCCESS></REQUEST_STATUS>
        <INVOICE>
          <REQUEST_STATUS>
            <IS_SUCCESS>true</IS_SUCCESS>
            <IS_PARTIAL_SUCCESS>false</IS_PARTIAL_SUCCESS></REQUEST_STATUS>
          <CALCULATION_DIRECTION>F</CALCULATION_DIRECTION>
          <CALLING_SYSTEM_NUMBER>200</CALLING_SYSTEM_NUMBER>
          <COMPANY_ID>36497</COMPANY_ID>
          <COMPANY_NAME>Dev5 – Oracle V2 US  Company</COMPANY_NAME>
          <CURRENCY_CODE>USD</CURRENCY_CODE>
          <CURRENCY_NAME>United States Dollar</CURRENCY_NAME>
          <MIN_ACCOUNTABLE_UNIT>0.01</MIN_ACCOUNTABLE_UNIT>
          <ROUNDING_PRECISION>2</ROUNDING_PRECISION>
          <ROUNDING_RULE>1</ROUNDING_RULE>
          <EXTERNAL_COMPANY_ID>INTORDEVv2_300000001600919</EXTERNAL_COMPANY_ID>
          <FISCAL_DATE>2026-01-27</FISCAL_DATE>
          <HOST_SYSTEM>b1bb189a-3101-4863-9c7d-1f43da00adc1</HOST_SYSTEM>
          <INVOICE_DATE>2026-01-27</INVOICE_DATE>
          <INVOICE_NUMBER>PSTEST271-1</INVOICE_NUMBER>
          <IS_CREDIT>false</IS_CREDIT>
          <TOTAL_TAX_AMOUNT>90.00</TOTAL_TAX_AMOUNT>
          <TRANSACTION_DATE>2026-01-27</TRANSACTION_DATE>
          <UNIQUE_INVOICE_NUMBER>300045998623753</UNIQUE_INVOICE_NUMBER>
          <USER_ELEMENT>
            <NAME>ATTRIBUTE1</NAME>
            <VALUE>AP</VALUE></USER_ELEMENT>
          <USER_ELEMENT>
            <NAME>ATTRIBUTE39</NAME>
            <VALUE>TAX AUTHORITY</VALUE></USER_ELEMENT>
          <USER_ELEMENT>
            <NAME>ATTRIBUTE41</NAME>
            <VALUE>300045998623753</VALUE></USER_ELEMENT>
          <USER_ELEMENT>
            <NAME>ATTRIBUTE42</NAME>
            <VALUE>300045998623717</VALUE></USER_ELEMENT>
          <USER_ELEMENT>
            <NAME>ATTRIBUTE43</NAME>
            <VALUE>300045998631659</VALUE></USER_ELEMENT>
          <USER_ELEMENT>
            <NAME>ATTRIBUTE44</NAME>
            <VALUE>STANDARD INVOICES</VALUE></USER_ELEMENT>
          <USER_ELEMENT>
            <NAME>ATTRIBUTE45</NAME>
            <VALUE>300000001600919</VALUE></USER_ELEMENT>
          <USER_ELEMENT>
            <NAME>ATTRIBUTE46</NAME>
            <VALUE>Manual Invoice Entry</VALUE></USER_ELEMENT>
          <USER_ELEMENT>
            <NAME>ATTRIBUTE47</NAME>
            <VALUE>12-1543511</VALUE></USER_ELEMENT>
          <USER_ELEMENT>
            <NAME>ATTRIBUTE49</NAME>
            <VALUE>200</VALUE></USER_ELEMENT>
          <COMPANY_ROLE>B</COMPANY_ROLE>
          <VENDOR_TAX>0</VENDOR_TAX>
          <VENDOR_NAME>PDQ SALES</VENDOR_NAME>
          <VENDOR_NUMBER>1</VENDOR_NUMBER>
          <IS_TRUSTED_VENDOR>false</IS_TRUSTED_VENDOR>
          <DOCUMENT_TYPE>STANDARD INVOICES</DOCUMENT_TYPE>
          <ACCRUAL_METHOD>HOLD_PAYMENT</ACCRUAL_METHOD>
          <VCT_RESPONSE_CODE>09</VCT_RESPONSE_CODE>
          <IS_VCT_APPLIED>true</IS_VCT_APPLIED>
          <LINE ID="1">
            <GROSS_AMOUNT>500.00</GROSS_AMOUNT>
            <LINE_NUMBER>1</LINE_NUMBER>
            <POINT_OF_TITLE_TRANSFER>I</POINT_OF_TITLE_TRANSFER>
            <SHIP_FROM_COUNTRY>ARGENTINA</SHIP_FROM_COUNTRY>
            <SHIP_TO_COUNTRY>PERU</SHIP_TO_COUNTRY>
            <UNIQUE_LINE_NUMBER>1</UNIQUE_LINE_NUMBER>
            <TOTAL_TAX_AMOUNT>90.00</TOTAL_TAX_AMOUNT>
            <TAX_CODE>US COUNTRY DFLT EXC</TAX_CODE>
            <TAX>
              <ADDRESS_TYPE>ST</ADDRESS_TYPE>
              <ADMIN_ZONE_LEVEL>Country</ADMIN_ZONE_LEVEL>
              <AUTHORITY_NAME>Peru</AUTHORITY_NAME>
              <AUTHORITY_TYPE>IGV</AUTHORITY_TYPE>
              <CALCULATION_METHOD>1</CALCULATION_METHOD>
              <COMMENT>ORACLE[PEIVA]</COMMENT>
              <ERP_TAX_CODE>PEIVA</ERP_TAX_CODE>
              <EFFECTIVE_ZONE_LEVEL>Country</EFFECTIVE_ZONE_LEVEL>
              <INVOICE_DESCRIPTION>Import Rate</INVOICE_DESCRIPTION>
              <JURISDICTION_TEXT>GCBG4: Import VAT in Ship To location.</JURISDICTION_TEXT>
              <RULE_ORDER>9995</RULE_ORDER>
              <TAXABLE_COUNTRY>PE</TAXABLE_COUNTRY>
              <TAXABLE_COUNTRY_NAME>PERU</TAXABLE_COUNTRY_NAME>
              <TAXABLE_CITY>Lima</TAXABLE_CITY>
              <TAX_DIRECTION>O</TAX_DIRECTION>
              <TAX_RATE_CODE>IM</TAX_RATE_CODE>
              <TAX_TYPE>IM</TAX_TYPE>
              <ZONE_NAME>PERU</ZONE_NAME>
              <ZONE_LEVEL>Country</ZONE_LEVEL>
              <ZONE_ISO_CODE>604</ZONE_ISO_CODE>
              <ZONE_FIPS_CODE>PE</ZONE_FIPS_CODE>
              <TAX_RATE>0.16</TAX_RATE>
              <NATURE_OF_TAX>P</NATURE_OF_TAX>
              <EU_TRANSACTION>false</EU_TRANSACTION>
              <AUTHORITY_UUID>96845322-f9f9-4f73-bfc3-80dc4ec56cfd</AUTHORITY_UUID>
              <AUTHORITY_CURRENCY_CODE>USD</AUTHORITY_CURRENCY_CODE>
              <CURRENCY_CONVERSION>
                <TAX_EXCHANGE_RATE_DATE>2026-01-27</TAX_EXCHANGE_RATE_DATE></CURRENCY_CONVERSION>
              <EXEMPT_AMOUNT>
                <DOCUMENT_AMOUNT>0.00</DOCUMENT_AMOUNT>
                <UNROUNDED_DOCUMENT_AMOUNT>0.0000000000</UNROUNDED_DOCUMENT_AMOUNT>
                <AUTHORITY_AMOUNT>0.00</AUTHORITY_AMOUNT>
                <UNROUNDED_AUTHORITY_AMOUNT>0.0000000000</UNROUNDED_AUTHORITY_AMOUNT></EXEMPT_AMOUNT>
              <GROSS_AMOUNT>
                <AUTHORITY_AMOUNT>500.00</AUTHORITY_AMOUNT>
                <UNROUNDED_AUTHORITY_AMOUNT>500.0000000000</UNROUNDED_AUTHORITY_AMOUNT></GROSS_AMOUNT>
              <NON_TAXABLE_BASIS>
                <DOCUMENT_AMOUNT>0.00</DOCUMENT_AMOUNT>
                <UNROUNDED_DOCUMENT_AMOUNT>0.0000000000</UNROUNDED_DOCUMENT_AMOUNT>
                <AUTHORITY_AMOUNT>0.00</AUTHORITY_AMOUNT>
                <UNROUNDED_AUTHORITY_AMOUNT>0.0000000000</UNROUNDED_AUTHORITY_AMOUNT></NON_TAXABLE_BASIS>
              <TAXABLE_BASIS>
                <DOCUMENT_AMOUNT>500.00</DOCUMENT_AMOUNT>
                <UNROUNDED_DOCUMENT_AMOUNT>500.0000000000</UNROUNDED_DOCUMENT_AMOUNT>
                <AUTHORITY_AMOUNT>500.00</AUTHORITY_AMOUNT>
                <UNROUNDED_AUTHORITY_AMOUNT>500.0000000000</UNROUNDED_AUTHORITY_AMOUNT></TAXABLE_BASIS>
              <TAX_AMOUNT>
                <DOCUMENT_AMOUNT>80.00</DOCUMENT_AMOUNT>
                <UNROUNDED_DOCUMENT_AMOUNT>80.0000000000</UNROUNDED_DOCUMENT_AMOUNT>
                <AUTHORITY_AMOUNT>80.00</AUTHORITY_AMOUNT>
                <UNROUNDED_AUTHORITY_AMOUNT>80.0000000000</UNROUNDED_AUTHORITY_AMOUNT></TAX_AMOUNT>
              <TAX_DETERMINATION_DATE>2026-01-27</TAX_DETERMINATION_DATE>
              <TAX_POINT_DATE>2026-01-27</TAX_POINT_DATE>
              <VENDOR_TAX>
                <DOCUMENT_AMOUNT>0.00</DOCUMENT_AMOUNT>
                <UNROUNDED_DOCUMENT_AMOUNT>0.0000000000</UNROUNDED_DOCUMENT_AMOUNT>
                <AUTHORITY_AMOUNT>0.00</AUTHORITY_AMOUNT>
                <UNROUNDED_AUTHORITY_AMOUNT>0.0000000000</UNROUNDED_AUTHORITY_AMOUNT></VENDOR_TAX>
              <VCT_EFFECTIVE_TAXABLE_BASIS>
                <DOCUMENT_AMOUNT>0.00</DOCUMENT_AMOUNT>
                <UNROUNDED_DOCUMENT_AMOUNT>0.0000000000</UNROUNDED_DOCUMENT_AMOUNT>
                <AUTHORITY_AMOUNT>0.00</AUTHORITY_AMOUNT>
                <UNROUNDED_AUTHORITY_AMOUNT>0.0000000000</UNROUNDED_AUTHORITY_AMOUNT></VCT_EFFECTIVE_TAXABLE_BASIS></TAX>
            <TAX>
              <ADDRESS_TYPE>ST</ADDRESS_TYPE>
              <ADMIN_ZONE_LEVEL>District</ADMIN_ZONE_LEVEL>
              <AUTHORITY_NAME>Peru Municipal Rate</AUTHORITY_NAME>
              <AUTHORITY_TYPE>IGV</AUTHORITY_TYPE>
              <CALCULATION_METHOD>1</CALCULATION_METHOD>
              <COMMENT>ORACLE[PMIVA]</COMMENT>
              <ERP_TAX_CODE>PMIVA</ERP_TAX_CODE>
              <EFFECTIVE_ZONE_LEVEL>District</EFFECTIVE_ZONE_LEVEL>
              <INVOICE_DESCRIPTION>IGV</INVOICE_DESCRIPTION>
              <JURISDICTION_TEXT>GCBG4: Import VAT in Ship To location.</JURISDICTION_TEXT>
              <RULE_ORDER>10000</RULE_ORDER>
              <TAXABLE_COUNTRY>PE</TAXABLE_COUNTRY>
              <TAXABLE_COUNTRY_NAME>PERU</TAXABLE_COUNTRY_NAME>
              <TAXABLE_CITY>Lima</TAXABLE_CITY>
              <TAX_DIRECTION>O</TAX_DIRECTION>
              <TAX_RATE_CODE>SR</TAX_RATE_CODE>
              <TAX_TYPE>IM</TAX_TYPE>
              <ZONE_NAME>PERU</ZONE_NAME>
              <ZONE_LEVEL>Country</ZONE_LEVEL>
              <ZONE_ISO_CODE>604</ZONE_ISO_CODE>
              <ZONE_FIPS_CODE>PE</ZONE_FIPS_CODE>
              <TAX_RATE>0.02</TAX_RATE>
              <NATURE_OF_TAX>P</NATURE_OF_TAX>
              <EU_TRANSACTION>false</EU_TRANSACTION>
              <AUTHORITY_UUID>26d6dacd-c0c6-4ba7-8e0f-f866421e2a78</AUTHORITY_UUID>
              <AUTHORITY_CURRENCY_CODE>USD</AUTHORITY_CURRENCY_CODE>
              <CURRENCY_CONVERSION>
                <TAX_EXCHANGE_RATE_DATE>2026-01-27</TAX_EXCHANGE_RATE_DATE></CURRENCY_CONVERSION>
              <EXEMPT_AMOUNT>
                <DOCUMENT_AMOUNT>0.00</DOCUMENT_AMOUNT>
                <UNROUNDED_DOCUMENT_AMOUNT>0.0000000000</UNROUNDED_DOCUMENT_AMOUNT>
                <AUTHORITY_AMOUNT>0.00</AUTHORITY_AMOUNT>
                <UNROUNDED_AUTHORITY_AMOUNT>0.0000000000</UNROUNDED_AUTHORITY_AMOUNT></EXEMPT_AMOUNT>
              <GROSS_AMOUNT>
                <AUTHORITY_AMOUNT>500.00</AUTHORITY_AMOUNT>
                <UNROUNDED_AUTHORITY_AMOUNT>500.0000000000</UNROUNDED_AUTHORITY_AMOUNT></GROSS_AMOUNT>
              <NON_TAXABLE_BASIS>
                <DOCUMENT_AMOUNT>0.00</DOCUMENT_AMOUNT>
                <UNROUNDED_DOCUMENT_AMOUNT>0.0000000000</UNROUNDED_DOCUMENT_AMOUNT>
                <AUTHORITY_AMOUNT>0.00</AUTHORITY_AMOUNT>
                <UNROUNDED_AUTHORITY_AMOUNT>0.0000000000</UNROUNDED_AUTHORITY_AMOUNT></NON_TAXABLE_BASIS>
              <TAXABLE_BASIS>
                <DOCUMENT_AMOUNT>500.00</DOCUMENT_AMOUNT>
                <UNROUNDED_DOCUMENT_AMOUNT>500.0000000000</UNROUNDED_DOCUMENT_AMOUNT>
                <AUTHORITY_AMOUNT>500.00</AUTHORITY_AMOUNT>
                <UNROUNDED_AUTHORITY_AMOUNT>500.0000000000</UNROUNDED_AUTHORITY_AMOUNT></TAXABLE_BASIS>
              <TAX_AMOUNT>
                <DOCUMENT_AMOUNT>10.00</DOCUMENT_AMOUNT>
                <UNROUNDED_DOCUMENT_AMOUNT>10.0000000000</UNROUNDED_DOCUMENT_AMOUNT>
                <AUTHORITY_AMOUNT>10.00</AUTHORITY_AMOUNT>
                <UNROUNDED_AUTHORITY_AMOUNT>10.0000000000</UNROUNDED_AUTHORITY_AMOUNT></TAX_AMOUNT>
              <TAX_DETERMINATION_DATE>2026-01-27</TAX_DETERMINATION_DATE>
              <TAX_POINT_DATE>2026-01-27</TAX_POINT_DATE>
              <VENDOR_TAX>
                <DOCUMENT_AMOUNT>0.00</DOCUMENT_AMOUNT>
                <UNROUNDED_DOCUMENT_AMOUNT>0.0000000000</UNROUNDED_DOCUMENT_AMOUNT>
                <AUTHORITY_AMOUNT>0.00</AUTHORITY_AMOUNT>
                <UNROUNDED_AUTHORITY_AMOUNT>0.0000000000</UNROUNDED_AUTHORITY_AMOUNT></VENDOR_TAX>
              <VCT_EFFECTIVE_TAXABLE_BASIS>
                <DOCUMENT_AMOUNT>0.00</DOCUMENT_AMOUNT>
                <UNROUNDED_DOCUMENT_AMOUNT>0.0000000000</UNROUNDED_DOCUMENT_AMOUNT>
                <AUTHORITY_AMOUNT>0.00</AUTHORITY_AMOUNT>
                <UNROUNDED_AUTHORITY_AMOUNT>0.0000000000</UNROUNDED_AUTHORITY_AMOUNT></VCT_EFFECTIVE_TAXABLE_BASIS></TAX>
            <TRANSACTION_TYPE>GS</TRANSACTION_TYPE>
            <UNIT_OF_MEASURE>each</UNIT_OF_MEASURE>
            <USER_ELEMENT>
              <NAME>ATTRIBUTE1</NAME>
              <VALUE>200</VALUE></USER_ELEMENT>
            <USER_ELEMENT>
              <NAME>ATTRIBUTE38</NAME>
              <VALUE>3888-00-60044-541-0000</VALUE></USER_ELEMENT>
            <USER_ELEMENT>
              <NAME>ATTRIBUTE40</NAME>
              <VALUE>35322985</VALUE></USER_ELEMENT>
            <USER_ELEMENT>
              <NAME>ATTRIBUTE41</NAME>
              <VALUE>1</VALUE></USER_ELEMENT>
            <USER_ELEMENT>
              <NAME>ATTRIBUTE43</NAME>
              <VALUE>300045998631659</VALUE></USER_ELEMENT>
            <USER_ELEMENT>
              <NAME>ATTRIBUTE47</NAME>
              <VALUE>AP_INVOICES</VALUE></USER_ELEMENT>
            <USER_ELEMENT>
              <NAME>ATTRIBUTE48</NAME>
              <VALUE>ITEM</VALUE></USER_ELEMENT>
            <USER_ELEMENT>
              <NAME>ATTRIBUTE49</NAME>
              <VALUE>STANDARD INVOICES</VALUE></USER_ELEMENT>
            <USER_ELEMENT>
              <NAME>ATTRIBUTE50</NAME>
              <VALUE>STANDARD CREATED</VALUE></USER_ELEMENT>
            <QUANTITIES>
              <QUANTITY>
                <AMOUNT>1</AMOUNT>
                <UOM>each</UOM></QUANTITY></QUANTITIES>
            <IS_CREDIT>false</IS_CREDIT>
            <INVOICE_DATE>2026-01-27</INVOICE_DATE>
            <CUSTOMER_GROUP_NAME>DEFAULT</CUSTOMER_GROUP_NAME>
            <CUSTOMER_GROUP_OWNER>Dev5 – Oracle V2 US  Company</CUSTOMER_GROUP_OWNER>
            <BILLED_QUANTITY_TYPE>GROSS</BILLED_QUANTITY_TYPE>
            <VENDOR_TAX>0.00</VENDOR_TAX>
            <VENDOR_NAME>PDQ SALES</VENDOR_NAME>
            <VENDOR_NUMBER>1</VENDOR_NUMBER>
            <TAX_SUMMARY>
              <TAXABLE_BASIS>500.00</TAXABLE_BASIS>
              <NON_TAXABLE_BASIS>0.00</NON_TAXABLE_BASIS>
              <EXEMPT_AMOUNT>0.00</EXEMPT_AMOUNT>
              <TAX_RATE>0.18</TAX_RATE>
              <EFFECTIVE_TAX_RATE>0.18</EFFECTIVE_TAX_RATE>
              <ACCRUAL_AMOUNT>0.00</ACCRUAL_AMOUNT>
              <PAY_TO_VENDOR_AMOUNT>0.00</PAY_TO_VENDOR_AMOUNT></TAX_SUMMARY>
            <CFOP>TION</CFOP></LINE></INVOICE></OUTDATA></taxCalculationResponse></soap:Body></soap:Envelope>