
<SOAP-ENV:Envelope xmlns:SOAP-ENV="http://schemas.xmlsoap.org/soap/envelope/">
  <SOAP-ENV:Header>
    <wsse:Security SOAP-ENV:mustUnderstand="1" xmlns:wsse="http://docs.oasis-open.org/wss/2004/01/oasis-200401-wss-wssecurity-secext-1.0.xsd" xmlns:wsu="http://docs.oasis-open.org/wss/2004/01/oasis-200401-wss-wssecurity-utility-1.0.xsd">
      <wsse:UsernameToken wsu:Id="UsernameToken-0c8d2523-f2f0-4e80-9095-e71c26aa4950">
        <wsse:Username>^OracleSatCalc</wsse:Username>
        <wsse:Password Type="http://docs.oasis-open.org/wss/2004/01/oasis-200401-wss-username-token-profile-1.0#PasswordText">**************</wsse:Password></wsse:UsernameToken></wsse:Security></SOAP-ENV:Header>
  <SOAP-ENV:Body>
    <ns2:taxCalculationRequest xmlns:ns2="http://www.sabrix.com/services/taxcalculationservice/2020-03-01">
      <ns2:INDATA version="G">
        <ns2:INVOICE>
          <ns2:ALLOCATION_GROUP_OWNER>AP</ns2:ALLOCATION_GROUP_OWNER>
          <ns2:CALLING_SYSTEM_NUMBER>200</ns2:CALLING_SYSTEM_NUMBER>
          <ns2:CALCULATION_DIRECTION>F</ns2:CALCULATION_DIRECTION>
          <ns2:CURRENCY_CODE>USD</ns2:CURRENCY_CODE>
          <ns2:DOCUMENT_TYPE>STANDARD INVOICES</ns2:DOCUMENT_TYPE>
          <ns2:EXTERNAL_COMPANY_ID>INTORDEVv2_300000001600919</ns2:EXTERNAL_COMPANY_ID>
          <ns2:FISCAL_DATE>2026-01-27</ns2:FISCAL_DATE>
          <ns2:HOST_SYSTEM>b1bb189a-3101-4863-9c7d-1f43da00adc1</ns2:HOST_SYSTEM>
          <ns2:INVOICE_DATE>2026-01-27</ns2:INVOICE_DATE>
          <ns2:INVOICE_NUMBER>PSTEST271-1</ns2:INVOICE_NUMBER>
          <ns2:IS_AUDITED>Y</ns2:IS_AUDITED>
          <ns2:REGISTRATIONS></ns2:REGISTRATIONS>
          <ns2:TRANSACTION_TYPE>GS</ns2:TRANSACTION_TYPE>
          <ns2:UNIQUE_INVOICE_NUMBER>300045998623753</ns2:UNIQUE_INVOICE_NUMBER>
          <ns2:USER_ELEMENT>
            <ns2:NAME>ATTRIBUTE49</ns2:NAME>
            <ns2:VALUE>200</ns2:VALUE></ns2:USER_ELEMENT>
          <ns2:USER_ELEMENT>
            <ns2:NAME>ATTRIBUTE45</ns2:NAME>
            <ns2:VALUE>300000001600919</ns2:VALUE></ns2:USER_ELEMENT>
          <ns2:USER_ELEMENT>
            <ns2:NAME>ATTRIBUTE47</ns2:NAME>
            <ns2:VALUE>12-1543511</ns2:VALUE></ns2:USER_ELEMENT>
          <ns2:USER_ELEMENT>
            <ns2:NAME>ATTRIBUTE41</ns2:NAME>
            <ns2:VALUE>300045998623753</ns2:VALUE></ns2:USER_ELEMENT>
          <ns2:USER_ELEMENT>
            <ns2:NAME>ATTRIBUTE46</ns2:NAME>
            <ns2:VALUE>Manual Invoice Entry</ns2:VALUE></ns2:USER_ELEMENT>
          <ns2:USER_ELEMENT>
            <ns2:NAME>ATTRIBUTE44</ns2:NAME>
            <ns2:VALUE>STANDARD INVOICES</ns2:VALUE></ns2:USER_ELEMENT>
          <ns2:USER_ELEMENT>
            <ns2:NAME>ATTRIBUTE42</ns2:NAME>
            <ns2:VALUE>300045998623717</ns2:VALUE></ns2:USER_ELEMENT>
          <ns2:USER_ELEMENT>
            <ns2:NAME>ATTRIBUTE43</ns2:NAME>
            <ns2:VALUE>300045998631659</ns2:VALUE></ns2:USER_ELEMENT>
          <ns2:USER_ELEMENT>
            <ns2:NAME>ATTRIBUTE39</ns2:NAME>
            <ns2:VALUE>TAX AUTHORITY</ns2:VALUE></ns2:USER_ELEMENT>
          <ns2:USER_ELEMENT>
            <ns2:NAME>ATTRIBUTE01</ns2:NAME>
            <ns2:VALUE>AP</ns2:VALUE></ns2:USER_ELEMENT>
          <ns2:COMPANY_ROLE>B</ns2:COMPANY_ROLE>
          <ns2:VENDOR_NAME>PDQ SALES</ns2:VENDOR_NAME>
          <ns2:VENDOR_NUMBER>1</ns2:VENDOR_NUMBER>
          <ns2:LINE ID="1">
            <ns2:BILL_TO>
              <ns2:COUNTRY>US</ns2:COUNTRY>
              <ns2:STATE>CALIFORNIA</ns2:STATE>
              <ns2:POSTCODE>91911</ns2:POSTCODE></ns2:BILL_TO>
            <ns2:GROSS_AMOUNT>500</ns2:GROSS_AMOUNT>
            <ns2:LINE_NUMBER>1</ns2:LINE_NUMBER>
            <ns2:QUANTITIES>
              <ns2:QUANTITY>
                <ns2:AMOUNT>1</ns2:AMOUNT></ns2:QUANTITY></ns2:QUANTITIES>
            <ns2:REGISTRATIONS></ns2:REGISTRATIONS>
            <ns2:SELLER_PRIMARY>
              <ns2:COUNTRY>AR</ns2:COUNTRY>
              <ns2:CITY>Buenos Aires</ns2:CITY>
              <ns2:POSTCODE>C1001ABC</ns2:POSTCODE></ns2:SELLER_PRIMARY>
            <ns2:SHIP_FROM>
              <ns2:COUNTRY>AR</ns2:COUNTRY>
              <ns2:CITY>Buenos Aires</ns2:CITY>
              <ns2:POSTCODE>C1001ABC</ns2:POSTCODE></ns2:SHIP_FROM>
            <ns2:SHIP_TO>
              <ns2:COUNTRY>PE</ns2:COUNTRY>
              <ns2:CITY>Lima</ns2:CITY></ns2:SHIP_TO>
            <ns2:TAX_CODE>US COUNTRY DFLT EXC</ns2:TAX_CODE>
            <ns2:UNIQUE_LINE_NUMBER>1</ns2:UNIQUE_LINE_NUMBER>
            <ns2:VENDOR_NAME>PDQ SALES</ns2:VENDOR_NAME>
            <ns2:VENDOR_NUMBER>1</ns2:VENDOR_NUMBER>
            <ns2:USER_ELEMENT>
              <ns2:NAME>ATTRIBUTE47</ns2:NAME>
              <ns2:VALUE>AP_INVOICES</ns2:VALUE></ns2:USER_ELEMENT>
            <ns2:USER_ELEMENT>
              <ns2:NAME>ATTRIBUTE49</ns2:NAME>
              <ns2:VALUE>STANDARD INVOICES</ns2:VALUE></ns2:USER_ELEMENT>
            <ns2:USER_ELEMENT>
              <ns2:NAME>ATTRIBUTE50</ns2:NAME>
              <ns2:VALUE>STANDARD CREATED</ns2:VALUE></ns2:USER_ELEMENT>
            <ns2:USER_ELEMENT>
              <ns2:NAME>ATTRIBUTE38</ns2:NAME>
              <ns2:VALUE>3888-00-60044-541-0000</ns2:VALUE></ns2:USER_ELEMENT>
            <ns2:USER_ELEMENT>
              <ns2:NAME>ATTRIBUTE40</ns2:NAME>
              <ns2:VALUE>35322985</ns2:VALUE></ns2:USER_ELEMENT>
            <ns2:USER_ELEMENT>
              <ns2:NAME>ATTRIBUTE41</ns2:NAME>
              <ns2:VALUE>1</ns2:VALUE></ns2:USER_ELEMENT>
            <ns2:USER_ELEMENT>
              <ns2:NAME>ATTRIBUTE48</ns2:NAME>
              <ns2:VALUE>ITEM</ns2:VALUE></ns2:USER_ELEMENT>
            <ns2:USER_ELEMENT>
              <ns2:NAME>ATTRIBUTE43</ns2:NAME>
              <ns2:VALUE>300045998631659</ns2:VALUE></ns2:USER_ELEMENT>
            <ns2:USER_ELEMENT>
              <ns2:NAME>ATTRIBUTE01</ns2:NAME>
              <ns2:VALUE>200</ns2:VALUE></ns2:USER_ELEMENT>
            <ns2:CFOP>TION</ns2:CFOP></ns2:LINE></ns2:INVOICE></ns2:INDATA></ns2:taxCalculationRequest></SOAP-ENV:Body></SOAP-ENV:Envelope>