
<SOAP-ENV:Envelope xmlns:SOAP-ENV="http://schemas.xmlsoap.org/soap/envelope/">
  <SOAP-ENV:Header></SOAP-ENV:Header>
  <SOAP-ENV:Body>
    <ns2:CalculationResponse xmlns:ns2="http://idt.thomsonreuters.com/services/oraclecloudintegration/2016-12-01">
      <ns2:detailTaxLines>
        <ns2:DetailTaxLines>
          <ns2:ApplicationId>200</ns2:ApplicationId>
          <ns2:Attribute15>0</ns2:Attribute15>
          <ns2:CancelFlag>N</ns2:CancelFlag>
          <ns2:Char1>35322985</ns2:Char1>
          <ns2:CompoundingTaxFlag>N</ns2:CompoundingTaxFlag>
          <ns2:CopiedFromOtherDocFlag>N</ns2:CopiedFromOtherDocFlag>
          <ns2:DeleteFlag>N</ns2:DeleteFlag>
          <ns2:EntityCode>AP_INVOICES</ns2:EntityCode>
          <ns2:ErrorMessageTypeFlag>S</ns2:ErrorMessageTypeFlag>
          <ns2:EventClassCode>STANDARD INVOICES</ns2:EventClassCode>
          <ns2:InternalOrganizationId>300000001600919</ns2:InternalOrganizationId>
          <ns2:LegalEntityId>300000001598001</ns2:LegalEntityId>
          <ns2:LegalJustificationText1>GCBG4: Import VAT in Ship To location.</ns2:LegalJustificationText1>
          <ns2:LegalJustificationText2>Import Rate</ns2:LegalJustificationText2>
          <ns2:LineAmt>-500.00</ns2:LineAmt>
          <ns2:ManuallyEnteredFlag>N</ns2:ManuallyEnteredFlag>
          <ns2:OffsetFlag>N</ns2:OffsetFlag>
          <ns2:ProviderRecRate>100</ns2:ProviderRecRate>
          <ns2:ProviderRecRateCode>PE PEIVA REC RATE</ns2:ProviderRecRateCode>
          <ns2:ReportingOnlyFlag>N</ns2:ReportingOnlyFlag>
          <ns2:SelfAssessedFlag>N</ns2:SelfAssessedFlag>
          <ns2:Tax>COUNTRY IGV</ns2:Tax>
          <ns2:TaxAmt>-80.00</ns2:TaxAmt>
          <ns2:TaxApportionmentLineNumber>1</ns2:TaxApportionmentLineNumber>
          <ns2:TaxDate>2026-01-27</ns2:TaxDate>
          <ns2:TaxDetermineDate>2026-01-27</ns2:TaxDetermineDate>
          <ns2:TaxHoldCode>1</ns2:TaxHoldCode>
          <ns2:TaxHoldReason>Tax variance</ns2:TaxHoldReason>
          <ns2:TaxJurisdictionCode>PE</ns2:TaxJurisdictionCode>
          <ns2:TaxLineId>1</ns2:TaxLineId>
          <ns2:TaxLineNumber>1</ns2:TaxLineNumber>
          <ns2:TaxOnlyLineFlag>N</ns2:TaxOnlyLineFlag>
          <ns2:TaxRate>16.00</ns2:TaxRate>
          <ns2:TaxRateCode>PEIVA</ns2:TaxRateCode>
          <ns2:TaxRateType>PERCENTAGE</ns2:TaxRateType>
          <ns2:TaxRegimeCode>PERU</ns2:TaxRegimeCode>
          <ns2:TaxStatusCode>STANDARD</ns2:TaxStatusCode>
          <ns2:TaxableAmt>-500.00</ns2:TaxableAmt>
          <ns2:TrxCurrencyCode>USD</ns2:TrxCurrencyCode>
          <ns2:TrxDate>2026-01-27</ns2:TrxDate>
          <ns2:TrxId>300045998623753</ns2:TrxId>
          <ns2:TrxLevelType>LINE</ns2:TrxLevelType>
          <ns2:TrxLineId>1</ns2:TrxLineId>
          <ns2:TrxLineNumber>1</ns2:TrxLineNumber>
          <ns2:UnroundedTaxAmt>-80.00</ns2:UnroundedTaxAmt>
          <ns2:UnroundedTaxableAmt>-500.0000000000</ns2:UnroundedTaxableAmt></ns2:DetailTaxLines>
        <ns2:DetailTaxLines>
          <ns2:ApplicationId>200</ns2:ApplicationId>
          <ns2:Attribute15>0</ns2:Attribute15>
          <ns2:CancelFlag>N</ns2:CancelFlag>
          <ns2:Char1>35322985</ns2:Char1>
          <ns2:CompoundingTaxFlag>N</ns2:CompoundingTaxFlag>
          <ns2:CopiedFromOtherDocFlag>N</ns2:CopiedFromOtherDocFlag>
          <ns2:DeleteFlag>N</ns2:DeleteFlag>
          <ns2:EntityCode>AP_INVOICES</ns2:EntityCode>
          <ns2:ErrorMessageTypeFlag>S</ns2:ErrorMessageTypeFlag>
          <ns2:EventClassCode>STANDARD INVOICES</ns2:EventClassCode>
          <ns2:InternalOrganizationId>300000001600919</ns2:InternalOrganizationId>
          <ns2:LegalEntityId>300000001598001</ns2:LegalEntityId>
          <ns2:LegalJustificationText1>GCBG4: Import VAT in Ship To location.</ns2:LegalJustificationText1>
          <ns2:LegalJustificationText2>IGV</ns2:LegalJustificationText2>
          <ns2:LineAmt>-500.00</ns2:LineAmt>
          <ns2:ManuallyEnteredFlag>N</ns2:ManuallyEnteredFlag>
          <ns2:OffsetFlag>N</ns2:OffsetFlag>
          <ns2:ProviderRecRate>100</ns2:ProviderRecRate>
          <ns2:ProviderRecRateCode>PE PMIVA REC RATE</ns2:ProviderRecRateCode>
          <ns2:ReportingOnlyFlag>N</ns2:ReportingOnlyFlag>
          <ns2:SelfAssessedFlag>N</ns2:SelfAssessedFlag>
          <ns2:Tax>DISTRICT IGV</ns2:Tax>
          <ns2:TaxAmt>-10.00</ns2:TaxAmt>
          <ns2:TaxApportionmentLineNumber>1</ns2:TaxApportionmentLineNumber>
          <ns2:TaxDate>2026-01-27</ns2:TaxDate>
          <ns2:TaxDetermineDate>2026-01-27</ns2:TaxDetermineDate>
          <ns2:TaxHoldCode>1</ns2:TaxHoldCode>
          <ns2:TaxHoldReason>Tax variance</ns2:TaxHoldReason>
          <ns2:TaxJurisdictionCode>PE</ns2:TaxJurisdictionCode>
          <ns2:TaxLineId>2</ns2:TaxLineId>
          <ns2:TaxLineNumber>2</ns2:TaxLineNumber>
          <ns2:TaxOnlyLineFlag>N</ns2:TaxOnlyLineFlag>
          <ns2:TaxRate>2.00</ns2:TaxRate>
          <ns2:TaxRateCode>PMIVA</ns2:TaxRateCode>
          <ns2:TaxRateType>PERCENTAGE</ns2:TaxRateType>
          <ns2:TaxRegimeCode>PERU</ns2:TaxRegimeCode>
          <ns2:TaxStatusCode>STANDARD</ns2:TaxStatusCode>
          <ns2:TaxableAmt>-500.00</ns2:TaxableAmt>
          <ns2:TrxCurrencyCode>USD</ns2:TrxCurrencyCode>
          <ns2:TrxDate>2026-01-27</ns2:TrxDate>
          <ns2:TrxId>300045998623753</ns2:TrxId>
          <ns2:TrxLevelType>LINE</ns2:TrxLevelType>
          <ns2:TrxLineId>1</ns2:TrxLineId>
          <ns2:TrxLineNumber>1</ns2:TrxLineNumber>
          <ns2:UnroundedTaxAmt>-10.00</ns2:UnroundedTaxAmt>
          <ns2:UnroundedTaxableAmt>-500.0000000000</ns2:UnroundedTaxableAmt></ns2:DetailTaxLines></ns2:detailTaxLines></ns2:CalculationResponse></SOAP-ENV:Body></SOAP-ENV:Envelope>