
<soapenv:Envelope xmlns:ns="http://idt.thomsonreuters.com/services/oraclecloudintegration/2016-12-01" xmlns:soapenv="http://schemas.xmlsoap.org/soap/envelope/">
  <soapenv:Header xmlns:wsa="http://www.w3.org/2005/08/addressing">   
    <wsse:Security soapenv:mustUnderstand="1" xmlns:wsse="http://docs.oasis-open.org/wss/2004/01/oasis-200401-wss-wssecurity-secext-1.0.xsd" xmlns:wsu="http://docs.oasis-open.org/wss/2004/01/oasis-200401-wss-wssecurity-utility-1.0.xsd">      
      <wsu:Timestamp wsu:Id="TS-1769551618413">        
        <wsu:Created>2026-01-27T22:06:58Z</wsu:Created>        
        <wsu:Expires>2026-01-27T22:23:38Z</wsu:Expires>      </wsu:Timestamp>      
      <wsse:UsernameToken wsu:Id="UsernameToken-1769551618413">         
        <wsse:Username>^OracleSatCalc</wsse:Username>         
        <wsse:Password Type="http://docs.oasis-open.org/wss/2004/01/oasis-200401-wss-username-token-profile-1.0#PasswordText">**************</wsse:Password>         
        <wsse:Nonce EncodingType="http://docs.oasis-open.org/wss/2004/01/oasis-200401-wss-soap-message-security-1.0#Base64Binary">tftc6hc8UDb3l2EJoAfEoQ==</wsse:Nonce>         
        <wsu:Created>2026-01-27T22:06:58Z</wsu:Created>      </wsse:UsernameToken>   </wsse:Security>
    <wsa:MessageID>uuid:ab9cfcfd-5bd1-40b4-a3a8-4558be7a9d32</wsa:MessageID>
    <wsa:Action>Calculation</wsa:Action></soapenv:Header>   
  <soapenv:Body>      
    <ns:CalculationRequest>
      <ns:taxableHeaders>
        <ns:ApplicationId>200</ns:ApplicationId>
        <ns:ApplicationShortname>AP</ns:ApplicationShortname>
        <ns:CtrlHdrTxApplFlag>N</ns:CtrlHdrTxApplFlag>
        <ns:DefaultTaxationCountry>US</ns:DefaultTaxationCountry>
        <ns:DocEventStatus>CREATED</ns:DocEventStatus>
        <ns:EntityCode>AP_INVOICES</ns:EntityCode>
        <ns:EventClassCode>STANDARD INVOICES</ns:EventClassCode>
        <ns:EstablishmentId>300000001598019</ns:EstablishmentId>
        <ns:EstablishmentNumber>1002</ns:EstablishmentNumber>
        <ns:EventClassMappingId>1</ns:EventClassMappingId>
        <ns:EventTypeCode>STANDARD CREATED</ns:EventTypeCode>
        <ns:EndPointUrl>https://eeeh-dev5.fa.us2.oraclecloud.com</ns:EndPointUrl>
        <ns:FirstPtyOrgId>300000001598290</ns:FirstPtyOrgId>
        <ns:HdrTrxUserKey1>CALCULATE</ns:HdrTrxUserKey1>
        <ns:HistoricalFlag>N</ns:HistoricalFlag>
        <ns:HqEstbPartyTaxProfId>300000001598150</ns:HqEstbPartyTaxProfId>
        <ns:InternalOrganizationId>300000001600919</ns:InternalOrganizationId>
        <ns:LedgerId>300000001596008</ns:LedgerId>
        <ns:LegalEntityId>300000001598001</ns:LegalEntityId>
        <ns:LegalEntityNumber>12-1543511</ns:LegalEntityNumber>
        <ns:LogLevel>SEVERE</ns:LogLevel>
        <ns:TrxCurrencyCode>USD</ns:TrxCurrencyCode>
        <ns:TrxDate>2026-01-27</ns:TrxDate>
        <ns:TrxHeaderAmt>500</ns:TrxHeaderAmt>
        <ns:TrxId>300045998623753</ns:TrxId>
        <ns:TrxLevelType>ITEM</ns:TrxLevelType>
        <ns:TrxSource>Manual Invoice Entry</ns:TrxSource>
        <ns:TrxNumber>PSTEST271-1</ns:TrxNumber></ns:taxableHeaders>
      <ns:taxableLines>
        <ns:TaxableLine>
          <ns:AccountCcid>300000001763003</ns:AccountCcid>
          <ns:ApplicationId>200</ns:ApplicationId>
          <ns:AccountString>3888-00-60044-541-0000</ns:AccountString>
          <ns:AssessableValue>500</ns:AssessableValue>
          <ns:AssetFlag>N</ns:AssetFlag>
          <ns:BillFromGeographyType1>ADDRESS1</ns:BillFromGeographyType1>
          <ns:BillFromGeographyType10>PROVINCE</ns:BillFromGeographyType10>
          <ns:BillFromGeographyType2>ADDRESS2</ns:BillFromGeographyType2>
          <ns:BillFromGeographyType3>ADDRESS3</ns:BillFromGeographyType3>
          <ns:BillFromGeographyType4>ADDRESS4</ns:BillFromGeographyType4>
          <ns:BillFromGeographyType5>COUNTRY</ns:BillFromGeographyType5>
          <ns:BillFromGeographyType6>STATE</ns:BillFromGeographyType6>
          <ns:BillFromGeographyType7>COUNTY</ns:BillFromGeographyType7>
          <ns:BillFromGeographyType8>CITY</ns:BillFromGeographyType8>
          <ns:BillFromGeographyType9>POSTALCODE</ns:BillFromGeographyType9>
          <ns:BillFromGeographyValue1>ARGENTINA ANY LANE1</ns:BillFromGeographyValue1>
          <ns:BillFromGeographyValue5>AR</ns:BillFromGeographyValue5>
          <ns:BillFromGeographyValue8>Buenos Aires</ns:BillFromGeographyValue8>
          <ns:BillFromGeographyValue9>C1001ABC</ns:BillFromGeographyValue9>
          <ns:BillFromLocationId>300045998623717</ns:BillFromLocationId>
          <ns:BillFromPartyName>PDQ SALES</ns:BillFromPartyName>
          <ns:BillFromPartyNumber>3001</ns:BillFromPartyNumber>
          <ns:BillThirdPtyAcctId>300000001754017</ns:BillThirdPtyAcctId>
          <ns:BillThirdPtyAcctSiteId>300045998623725</ns:BillThirdPtyAcctSiteId>
          <ns:BillToGeographyType1>ADDRESS1</ns:BillToGeographyType1>
          <ns:BillToGeographyType10>PROVINCE</ns:BillToGeographyType10>
          <ns:BillToGeographyType2>ADDRESS2</ns:BillToGeographyType2>
          <ns:BillToGeographyType3>ADDRESS3</ns:BillToGeographyType3>
          <ns:BillToGeographyType4>ADDRESS4</ns:BillToGeographyType4>
          <ns:BillToGeographyType5>COUNTRY</ns:BillToGeographyType5>
          <ns:BillToGeographyType6>STATE</ns:BillToGeographyType6>
          <ns:BillToGeographyType7>COUNTY</ns:BillToGeographyType7>
          <ns:BillToGeographyType8>CITY</ns:BillToGeographyType8>
          <ns:BillToGeographyType9>POSTALCODE</ns:BillToGeographyType9>
          <ns:BillToGeographyValue1>CA-BUTTE-BIGGS-95917</ns:BillToGeographyValue1>
          <ns:BillToGeographyValue2>5430 One Shields Avenue</ns:BillToGeographyValue2>
          <ns:BillToGeographyValue5>US</ns:BillToGeographyValue5>
          <ns:BillToGeographyValue6>CALIFORNIA</ns:BillToGeographyValue6>
          <ns:BillToGeographyValue9>91911</ns:BillToGeographyValue9>
          <ns:BillToLocationId>300000001600772</ns:BillToLocationId>
          <ns:EntityCode>AP_INVOICES</ns:EntityCode>
          <ns:EventClassCode>STANDARD INVOICES</ns:EventClassCode>
          <ns:InputTaxClassificationCode>US COUNTRY DFLT EXC</ns:InputTaxClassificationCode>
          <ns:LineAmt>500</ns:LineAmt>
          <ns:LineAmtIncludesTaxFlag>S</ns:LineAmtIncludesTaxFlag>
          <ns:LineClass>STANDARD INVOICES</ns:LineClass>
          <ns:LineLevelAction>CREATE</ns:LineLevelAction>
          <ns:LinesDetFactorId>35322985</ns:LinesDetFactorId>
          <ns:MatchType>NOT_MATCHED</ns:MatchType>
          <ns:MinimumAccountableUnit>0.01</ns:MinimumAccountableUnit>
          <ns:Precision>2</ns:Precision>
          <ns:ShipFromGeographyType1>ADDRESS1</ns:ShipFromGeographyType1>
          <ns:ShipFromGeographyType10>PROVINCE</ns:ShipFromGeographyType10>
          <ns:ShipFromGeographyType2>ADDRESS2</ns:ShipFromGeographyType2>
          <ns:ShipFromGeographyType3>ADDRESS3</ns:ShipFromGeographyType3>
          <ns:ShipFromGeographyType4>ADDRESS4</ns:ShipFromGeographyType4>
          <ns:ShipFromGeographyType5>COUNTRY</ns:ShipFromGeographyType5>
          <ns:ShipFromGeographyType6>STATE</ns:ShipFromGeographyType6>
          <ns:ShipFromGeographyType7>COUNTY</ns:ShipFromGeographyType7>
          <ns:ShipFromGeographyType8>CITY</ns:ShipFromGeographyType8>
          <ns:ShipFromGeographyType9>POSTALCODE</ns:ShipFromGeographyType9>
          <ns:ShipFromGeographyValue1>ARGENTINA ANY LANE1</ns:ShipFromGeographyValue1>
          <ns:ShipFromGeographyValue5>AR</ns:ShipFromGeographyValue5>
          <ns:ShipFromGeographyValue8>Buenos Aires</ns:ShipFromGeographyValue8>
          <ns:ShipFromGeographyValue9>C1001ABC</ns:ShipFromGeographyValue9>
          <ns:ShipFromLocationId>300045998623717</ns:ShipFromLocationId>
          <ns:ShipFromPartyName>PDQ SALES</ns:ShipFromPartyName>
          <ns:ShipFromPartyNumber>3001</ns:ShipFromPartyNumber>
          <ns:ShipThirdPtyAcctId>300000001754017</ns:ShipThirdPtyAcctId>
          <ns:ShipThirdPtyAcctSiteId>300045998623725</ns:ShipThirdPtyAcctSiteId>
          <ns:ShipToGeographyType1>ADDRESS1</ns:ShipToGeographyType1>
          <ns:ShipToGeographyType10>PROVINCE</ns:ShipToGeographyType10>
          <ns:ShipToGeographyType2>ADDRESS2</ns:ShipToGeographyType2>
          <ns:ShipToGeographyType3>ADDRESS3</ns:ShipToGeographyType3>
          <ns:ShipToGeographyType4>ADDRESS4</ns:ShipToGeographyType4>
          <ns:ShipToGeographyType5>COUNTRY</ns:ShipToGeographyType5>
          <ns:ShipToGeographyType6>STATE</ns:ShipToGeographyType6>
          <ns:ShipToGeographyType7>COUNTY</ns:ShipToGeographyType7>
          <ns:ShipToGeographyType8>CITY</ns:ShipToGeographyType8>
          <ns:ShipToGeographyType9>POSTALCODE</ns:ShipToGeographyType9>
          <ns:ShipToGeographyValue1>PERU - ANY LANE1</ns:ShipToGeographyValue1>
          <ns:ShipToGeographyValue5>PE</ns:ShipToGeographyValue5>
          <ns:ShipToGeographyValue8>Lima</ns:ShipToGeographyValue8>
          <ns:ShipToLocationId>300045998631659</ns:ShipToLocationId>
          <ns:TaxReportingFlag>Y</ns:TaxReportingFlag>
          <ns:TrxBusinessCategory>PURCHASE_TRANSACTION</ns:TrxBusinessCategory>
          <ns:TrxId>300045998623753</ns:TrxId>
          <ns:TrxLineCurrencyCode>USD</ns:TrxLineCurrencyCode>
          <ns:TrxLineDate>2026-01-27</ns:TrxLineDate>
          <ns:TrxLineGlDate>2026-01-27</ns:TrxLineGlDate>
          <ns:TrxLineId>1</ns:TrxLineId>
          <ns:TrxLineMau>0.01</ns:TrxLineMau>
          <ns:TrxLineNumber>1</ns:TrxLineNumber>
          <ns:TrxLinePrecision>2</ns:TrxLinePrecision>
          <ns:TrxLineQuantity>1</ns:TrxLineQuantity>
          <ns:TrxLineType>ITEM</ns:TrxLineType>
          <ns:TrxLevelType>LINE</ns:TrxLevelType>
          <ns:UnitPrice>500</ns:UnitPrice>
          <ns:VendorTypeLookupCode>TAX AUTHORITY</ns:VendorTypeLookupCode>
          <ns:VendorNumber>1</ns:VendorNumber></ns:TaxableLine></ns:taxableLines>      </ns:CalculationRequest>   </soapenv:Body></soapenv:Envelope>